ner_prec_micro;ner_rec_micro;ner_f1_micro;ner_prec_macro;ner_rec_macro;ner_f1_macro;rel_prec_micro;rel_rec_micro;rel_f1_micro;rel_prec_macro;rel_rec_macro;rel_f1_macro;rel_nec_prec_micro;rel_nec_rec_micro;rel_nec_f1_micro;rel_nec_prec_macro;rel_nec_rec_macro;rel_nec_f1_macro;epoch;iteration;global_iteration
87.53033414224379;96.36251541307028;91.73432456226156;87.75972877746051;95.82689733839455;91.36904529815236;78.80029806259314;94.37751004016064;85.88832487309644;80.4176571631074;92.00523009549241;85.49429141511104;78.53949329359166;94.06514948683623;85.60406091370558;80.27953983793317;91.83686138278365;85.34256555053808;0;0;0
